{
  "overall": {
    "precision": 0.5032954586554724,
    "recall": 0.27567038850350717,
    "mAP50": 0.3246923045526248,
    "mAP50_95": 0.17300904674997392
  },
  "per_class": {
    "car": {
      "ap50": 0.5818792766185387,
      "ap50_95": 0.29391656020292045
    },
    "truck": {
      "ap50": 0.3775293026328622,
      "ap50_95": 0.24062885484629076
    },
    "bus": {
      "ap50": 0.2458912132024604,
      "ap50_95": 0.17461453699451315
    },
    "motorcycle": {
      "ap50": 0.18009847109254265,
      "ap50_95": 0.06284161465023927
    },
    "bicycle": {
      "ap50": 0.0038516046145622013,
      "ap50_95": 0.002525144668087888
    },
    "pedestrian": {
      "ap50": 0.5589039591547825,
      "ap50_95": 0.2635275691377918
    }
  }
}