{
  "overall": {
    "precision": 0.6898709364298061,
    "recall": 0.4312738076478661,
    "mAP50": 0.5269762660018344,
    "mAP50_95": 0.3041774063762101
  },
  "per_class": {
    "car": {
      "ap50": 0.7572335567387296,
      "ap50_95": 0.4669819439961597
    },
    "truck": {
      "ap50": 0.6529361732837636,
      "ap50_95": 0.4309769810038947
    },
    "bus": {
      "ap50": 0.5150487041530107,
      "ap50_95": 0.39741988267828515
    },
    "motorcycle": {
      "ap50": 0.46086762030084294,
      "ap50_95": 0.15760655825750539
    },
    "bicycle": {
      "ap50": 0.06115210875037599,
      "ap50_95": 0.02405553472697942
    },
    "pedestrian": {
      "ap50": 0.7146194327842834,
      "ap50_95": 0.34802353759443616
    }
  }
}